{
	"credit": "Made with Blockbench",
	"elements": [
		{
			"from": [0, 0, -4],
			"to": [8, 0.5, -2],
			"rotation": {"angle": 0, "axis": "y", "origin": [8, 0, 8]},
			"faces": {
				"north": {"uv": [0, 0, 4, 1], "rotation": 180, "texture": "#0"},
				"east": {"uv": [3, 0, 4, 1], "rotation": 90, "texture": "#0"},
				"south": {"uv": [0, 0, 4, 1], "texture": "#0"},
				"west": {"uv": [0, 0, 1, 1], "rotation": 270, "texture": "#0"},
				"up": {"uv": [0, 0, 4, 1], "texture": "#0"},
				"down": {"uv": [0, 1, 4, 0], "texture": "#0"}
			}
		},
		{
			"from": [8, 0, -4],
			"to": [10, 0.5, 14],
			"rotation": {"angle": 0, "axis": "y", "origin": [8, 0, 8]},
			"faces": {
				"north": {"uv": [4, 0, 5, 1], "rotation": 180, "texture": "#0"},
				"east": {"uv": [4, 0, 5, 9], "rotation": 90, "texture": "#0"},
				"south": {"uv": [4, 8, 5, 9], "texture": "#0"},
				"west": {"uv": [4, 0, 5, 9], "rotation": 270, "texture": "#0"},
				"up": {"uv": [4, 0, 5, 9], "texture": "#0"},
				"down": {"uv": [4, 9, 5, 0], "texture": "#0"}
			}
		},
		{
			"from": [10, 0, -4],
			"to": [12, 0.5, 16],
			"rotation": {"angle": 0, "axis": "y", "origin": [8, 0, 8]},
			"faces": {
				"north": {"uv": [5, 0, 6, 1], "rotation": 180, "texture": "#0"},
				"east": {"uv": [5, 0, 6, 10], "rotation": 90, "texture": "#0"},
				"south": {"uv": [5, 9, 6, 10], "texture": "#0"},
				"west": {"uv": [5, 0, 6, 10], "rotation": 270, "texture": "#0"},
				"up": {"uv": [5, 0, 6, 10], "texture": "#0"},
				"down": {"uv": [5, 10, 6, 0], "texture": "#0"}
			}
		},
		{
			"from": [12, 0, -4],
			"to": [14, 0.5, 18],
			"rotation": {"angle": 0, "axis": "y", "origin": [8, 0, 8]},
			"faces": {
				"north": {"uv": [6, 0, 7, 1], "rotation": 180, "texture": "#0"},
				"east": {"uv": [6, 0, 7, 11], "rotation": 90, "texture": "#0"},
				"south": {"uv": [6, 10, 7, 11], "texture": "#0"},
				"west": {"uv": [6, 0, 7, 11], "rotation": 270, "texture": "#0"},
				"up": {"uv": [6, 0, 7, 11], "texture": "#0"},
				"down": {"uv": [6, 11, 7, 0], "texture": "#0"}
			}
		},
		{
			"from": [14, 0, -4],
			"to": [16, 0.5, 20],
			"rotation": {"angle": 0, "axis": "y", "origin": [8, 0, 8]},
			"faces": {
				"north": {"uv": [7, 0, 8, 1], "rotation": 180, "texture": "#0"},
				"east": {"uv": [7, 0, 8, 12], "rotation": 90, "texture": "#0"},
				"south": {"uv": [7, 11, 8, 12], "texture": "#0"},
				"west": {"uv": [7, 0, 8, 12], "rotation": 270, "texture": "#0"},
				"up": {"uv": [7, 0, 8, 12], "texture": "#0"},
				"down": {"uv": [7, 12, 8, 0], "texture": "#0"}
			}
		},
		{
			"from": [2, 0, -2],
			"to": [8, 0.5, 0],
			"rotation": {"angle": 0, "axis": "y", "origin": [8, 0, 8]},
			"faces": {
				"north": {"uv": [1, 1, 4, 2], "rotation": 180, "texture": "#0"},
				"east": {"uv": [3, 1, 4, 2], "rotation": 90, "texture": "#0"},
				"south": {"uv": [1, 1, 4, 2], "texture": "#0"},
				"west": {"uv": [1, 1, 2, 2], "rotation": 270, "texture": "#0"},
				"up": {"uv": [1, 1, 4, 2], "texture": "#0"},
				"down": {"uv": [1, 2, 4, 1], "texture": "#0"}
			}
		},
		{
			"from": [4, 0, 0],
			"to": [8, 0.5, 2],
			"rotation": {"angle": 0, "axis": "y", "origin": [8, 0, 8]},
			"faces": {
				"north": {"uv": [2, 2, 4, 3], "rotation": 180, "texture": "#0"},
				"east": {"uv": [3, 2, 4, 3], "rotation": 90, "texture": "#0"},
				"south": {"uv": [2, 2, 4, 3], "texture": "#0"},
				"west": {"uv": [2, 2, 3, 3], "rotation": 270, "texture": "#0"},
				"up": {"uv": [2, 2, 4, 3], "texture": "#0"},
				"down": {"uv": [2, 3, 4, 2], "texture": "#0"}
			}
		},
		{
			"from": [6, 0, 2],
			"to": [8, 0.5, 4],
			"rotation": {"angle": 0, "axis": "y", "origin": [8, 0, 8]},
			"faces": {
				"north": {"uv": [3, 3, 4, 4], "rotation": 180, "texture": "#0"},
				"east": {"uv": [3, 3, 4, 4], "rotation": 90, "texture": "#0"},
				"south": {"uv": [3, 3, 4, 4], "texture": "#0"},
				"west": {"uv": [3, 3, 4, 4], "rotation": 270, "texture": "#0"},
				"up": {"uv": [3, 3, 4, 4], "texture": "#0"},
				"down": {"uv": [3, 4, 4, 3], "texture": "#0"}
			}
		}
	],
	"gui_light": "front",
	"display": {
		"thirdperson_righthand": {
			"rotation": [94.25, -180, 0],
			"translation": [-1.25, 2.75, 5.75],
			"scale": [0.55, 0.55, 0.55]
		},
		"thirdperson_lefthand": {
			"rotation": [94.25, -180, 0],
			"translation": [-1.25, 2.75, 5.75],
			"scale": [0.55, 0.55, 0.55]
		},
		"firstperson_righthand": {
			"rotation": [46, 165, -8],
			"translation": [3.88, 5.7, 1.13],
			"scale": [0.68, 0.68, 0.68]
		},
		"firstperson_lefthand": {
			"rotation": [46, 165, -8],
			"translation": [3.88, 5.7, 1.13],
			"scale": [0.68, 0.68, 0.68]
		},
		"ground": {
			"translation": [0, 2, 0],
			"scale": [0.5, 0.5, 0.5]
		},
		"gui": {
			"rotation": [90, -180, 0]
		},
		"head": {
			"translation": [0, -11.2, 0],
			"scale": [3.2, 4, 3.2]
		},
		"fixed": {
			"rotation": [90, -180, -180],
			"translation": [0, 0, -8]
		}
	},
	"groups": [
		{
			"name": "group",
			"origin": [8, 8, 8],
			"color": 0,
			"children": [0, 1, 2, 3, 4, 5, 6, 7]
		}
	]
}