{
	"credit": "Made by T4BlrUs",
	"textures": {
		"1": "ouo:friendly_faceoff/shadow",
		"particle": "ouo:friendly_faceoff/shadow"
	},
	"elements": [
		{
			"from": [-2, 0, 4],
			"to": [24, 0.5, 6],
			"rotation": {"angle": 0, "axis": "y", "origin": [8, 0, 8]},
			"faces": {
				"north": {"uv": [3, 12, 16, 13], "rotation": 180, "texture": "#0"},
				"east": {"uv": [15, 12, 16, 13], "rotation": 90, "texture": "#0"},
				"south": {"uv": [3, 12, 16, 13], "texture": "#0"},
				"west": {"uv": [3, 12, 4, 13], "rotation": 270, "texture": "#0"},
				"up": {"uv": [3, 12, 16, 13], "texture": "#0"},
				"down": {"uv": [3, 13, 16, 12], "texture": "#0"}
			}
		},
		{
			"from": [-4, 0, 6],
			"to": [24, 0.5, 8],
			"rotation": {"angle": 0, "axis": "y", "origin": [8, 0, 8]},
			"faces": {
				"north": {"uv": [2, 13, 16, 14], "rotation": 180, "texture": "#0"},
				"east": {"uv": [15, 13, 16, 14], "rotation": 90, "texture": "#0"},
				"south": {"uv": [2, 13, 16, 14], "texture": "#0"},
				"west": {"uv": [2, 13, 3, 14], "rotation": 270, "texture": "#0"},
				"up": {"uv": [2, 13, 16, 14], "texture": "#0"},
				"down": {"uv": [2, 14, 16, 13], "texture": "#0"}
			}
		},
		{
			"from": [-6, 0, 8],
			"to": [24, 0.5, 10],
			"rotation": {"angle": 0, "axis": "y", "origin": [8, 0, 8]},
			"faces": {
				"north": {"uv": [1, 14, 16, 15], "rotation": 180, "texture": "#0"},
				"east": {"uv": [15, 14, 16, 15], "rotation": 90, "texture": "#0"},
				"south": {"uv": [1, 14, 16, 15], "texture": "#0"},
				"west": {"uv": [1, 14, 2, 15], "rotation": 270, "texture": "#0"},
				"up": {"uv": [1, 14, 16, 15], "texture": "#0"},
				"down": {"uv": [1, 15, 16, 14], "texture": "#0"}
			}
		},
		{
			"from": [-8, 0, 10],
			"to": [24, 0.5, 12],
			"rotation": {"angle": 0, "axis": "y", "origin": [8, 0, 8]},
			"faces": {
				"north": {"uv": [0, 15, 16, 16], "rotation": 180, "texture": "#0"},
				"east": {"uv": [15, 15, 16, 16], "rotation": 90, "texture": "#0"},
				"south": {"uv": [0, 15, 16, 16], "texture": "#0"},
				"west": {"uv": [0, 15, 1, 16], "rotation": 270, "texture": "#0"},
				"up": {"uv": [0, 15, 16, 16], "texture": "#0"},
				"down": {"uv": [0, 16, 16, 15], "texture": "#0"}
			}
		},
		{
			"from": [-2, -0.8, 4],
			"to": [24, -0.6, 6],
			"rotation": {"angle": 0, "axis": "y", "origin": [8, 0, 8]},
			"faces": {
				"north": {"uv": [3, 12, 16, 13], "rotation": 180, "texture": "#1"},
				"east": {"uv": [15, 12, 16, 13], "rotation": 90, "texture": "#1"},
				"south": {"uv": [3, 12, 16, 13], "texture": "#1"},
				"west": {"uv": [3, 12, 4, 13], "rotation": 270, "texture": "#1"},
				"up": {"uv": [3, 12, 16, 13], "texture": "#1"},
				"down": {"uv": [3, 13, 16, 12], "texture": "#1"}
			}
		},
		{
			"from": [-4, -0.8, 6],
			"to": [24, -0.6, 8],
			"rotation": {"angle": 0, "axis": "y", "origin": [8, 0, 8]},
			"faces": {
				"north": {"uv": [2, 13, 16, 14], "rotation": 180, "texture": "#1"},
				"east": {"uv": [15, 13, 16, 14], "rotation": 90, "texture": "#1"},
				"south": {"uv": [2, 13, 16, 14], "texture": "#1"},
				"west": {"uv": [2, 13, 3, 14], "rotation": 270, "texture": "#1"},
				"up": {"uv": [2, 13, 16, 14], "texture": "#1"},
				"down": {"uv": [2, 14, 16, 13], "texture": "#1"}
			}
		},
		{
			"from": [-6, -0.8, 8],
			"to": [24, -0.6, 10],
			"rotation": {"angle": 0, "axis": "y", "origin": [8, 0, 8]},
			"faces": {
				"north": {"uv": [1, 14, 16, 15], "rotation": 180, "texture": "#1"},
				"east": {"uv": [15, 14, 16, 15], "rotation": 90, "texture": "#1"},
				"south": {"uv": [1, 14, 16, 15], "texture": "#1"},
				"west": {"uv": [1, 14, 2, 15], "rotation": 270, "texture": "#1"},
				"up": {"uv": [1, 14, 16, 15], "texture": "#1"},
				"down": {"uv": [1, 15, 16, 14], "texture": "#1"}
			}
		},
		{
			"from": [-8, -0.8, 10],
			"to": [24, -0.6, 12],
			"rotation": {"angle": 0, "axis": "y", "origin": [8, 0, 8]},
			"faces": {
				"north": {"uv": [0, 15, 16, 16], "rotation": 180, "texture": "#1"},
				"east": {"uv": [15, 15, 16, 16], "rotation": 90, "texture": "#1"},
				"south": {"uv": [0, 15, 16, 16], "texture": "#1"},
				"west": {"uv": [0, 15, 1, 16], "rotation": 270, "texture": "#1"},
				"up": {"uv": [0, 15, 16, 16], "texture": "#1"},
				"down": {"uv": [0, 16, 16, 15], "texture": "#1"}
			}
		}
	],
	"gui_light": "front",
	"display": {
		"thirdperson_righthand": {
			"rotation": [94.25, -180, 0],
			"translation": [-1.25, 2.75, 5.75],
			"scale": [0.55, 0.55, 0.55]
		},
		"thirdperson_lefthand": {
			"rotation": [94.25, -180, 0],
			"translation": [-1.25, 2.75, 5.75],
			"scale": [0.55, 0.55, 0.55]
		},
		"firstperson_righthand": {
			"rotation": [46, 165, -8],
			"translation": [3.88, 5.7, 1.13],
			"scale": [0.68, 0.68, 0.68]
		},
		"firstperson_lefthand": {
			"rotation": [46, 165, -8],
			"translation": [3.88, 5.7, 1.13],
			"scale": [0.68, 0.68, 0.68]
		},
		"ground": {
			"translation": [0, 2, 0],
			"scale": [0.5, 0.5, 0.5]
		},
		"gui": {
			"rotation": [90, -180, 0]
		},
		"head": {
			"translation": [0, -11.2, 0],
			"scale": [3.2, 4, 3.2]
		},
		"fixed": {
			"rotation": [90, -180, -180],
			"translation": [0, 0, -8]
		}
	},
	"groups": [
		{
			"name": "group",
			"origin": [8, 8, 8],
			"color": 0,
			"children": [0, 1, 2, 3]
		},
		{
			"name": "shadow",
			"origin": [8, 8, 8],
			"color": 0,
			"children": [4, 5, 6, 7]
		}
	]
}