{
	"credit": "Made by T4BlrUs",
	"textures": {
		"1": "ouo:friendly_faceoff/shadow",
		"particle": "ouo:friendly_faceoff/shadow"
	},
	"elements": [
		{
			"from": [0, 0, -4],
			"to": [2, 0.5, -2],
			"rotation": {"angle": 0, "axis": "y", "origin": [8, 0, 8]},
			"faces": {
				"north": {"uv": [0, 4, 1, 5], "rotation": 180, "texture": "#0"},
				"east": {"uv": [0, 4, 1, 5], "rotation": 90, "texture": "#0"},
				"south": {"uv": [0, 4, 1, 5], "texture": "#0"},
				"west": {"uv": [0, 4, 1, 5], "rotation": 270, "texture": "#0"},
				"up": {"uv": [0, 4, 1, 5], "texture": "#0"},
				"down": {"uv": [0, 4, 1, 5], "texture": "#0"}
			}
		},
		{
			"from": [0, 0, -2],
			"to": [4, 0.5, 0],
			"rotation": {"angle": 0, "axis": "y", "origin": [8, 0, 8]},
			"faces": {
				"north": {"uv": [0, 5, 2, 6], "rotation": 180, "texture": "#0"},
				"east": {"uv": [1, 5, 2, 6], "rotation": 90, "texture": "#0"},
				"south": {"uv": [0, 5, 2, 6], "texture": "#0"},
				"west": {"uv": [0, 5, 1, 6], "rotation": 270, "texture": "#0"},
				"up": {"uv": [0, 5, 2, 6], "texture": "#0"},
				"down": {"uv": [0, 5, 2, 6], "texture": "#0"}
			}
		},
		{
			"from": [0, 0, 0],
			"to": [6, 0.5, 2],
			"rotation": {"angle": 0, "axis": "y", "origin": [8, 0, 8]},
			"faces": {
				"north": {"uv": [0, 6, 3, 7], "rotation": 180, "texture": "#0"},
				"east": {"uv": [2, 6, 3, 7], "rotation": 90, "texture": "#0"},
				"south": {"uv": [0, 6, 3, 7], "texture": "#0"},
				"west": {"uv": [0, 6, 1, 7], "rotation": 270, "texture": "#0"},
				"up": {"uv": [0, 6, 3, 7], "texture": "#0"},
				"down": {"uv": [0, 7, 3, 6], "texture": "#0"}
			}
		},
		{
			"from": [8, 0, 4],
			"to": [16, 0.5, 12],
			"rotation": {"angle": 0, "axis": "y", "origin": [8, 0, 8]},
			"faces": {
				"north": {"uv": [4, 8, 8, 9], "rotation": 180, "texture": "#0"},
				"east": {"uv": [7, 8, 8, 12], "rotation": 90, "texture": "#0"},
				"south": {"uv": [4, 11, 8, 12], "texture": "#0"},
				"west": {"uv": [4, 8, 5, 12], "rotation": 270, "texture": "#0"},
				"up": {"uv": [4, 8, 8, 12], "texture": "#0"},
				"down": {"uv": [4, 12, 8, 8], "texture": "#0"}
			}
		},
		{
			"from": [0, 0, 2],
			"to": [8, 0.5, 20],
			"rotation": {"angle": 0, "axis": "y", "origin": [8, 0, 8]},
			"faces": {
				"north": {"uv": [0, 7, 4, 8], "rotation": 180, "texture": "#0"},
				"east": {"uv": [3, 7, 4, 16], "rotation": 90, "texture": "#0"},
				"south": {"uv": [0, 15, 4, 16], "texture": "#0"},
				"west": {"uv": [0, 7, 1, 16], "rotation": 270, "texture": "#0"},
				"up": {"uv": [0, 7, 4, 16], "texture": "#0"},
				"down": {"uv": [0, 16, 4, 7], "texture": "#0"}
			}
		},
		{
			"from": [0, -0.8, -4],
			"to": [2, -0.6, -2],
			"rotation": {"angle": 0, "axis": "y", "origin": [8, 0, 8]},
			"faces": {
				"north": {"uv": [0, 4, 1, 5], "rotation": 180, "texture": "#1"},
				"east": {"uv": [0, 4, 1, 5], "rotation": 90, "texture": "#1"},
				"south": {"uv": [0, 4, 1, 5], "texture": "#1"},
				"west": {"uv": [0, 4, 1, 5], "rotation": 270, "texture": "#1"},
				"up": {"uv": [0, 4, 1, 5], "texture": "#1"},
				"down": {"uv": [0, 4, 1, 5], "texture": "#1"}
			}
		},
		{
			"from": [0, -0.8, -2],
			"to": [4, -0.6, 0],
			"rotation": {"angle": 0, "axis": "y", "origin": [8, 0, 8]},
			"faces": {
				"north": {"uv": [0, 5, 2, 6], "rotation": 180, "texture": "#1"},
				"east": {"uv": [1, 5, 2, 6], "rotation": 90, "texture": "#1"},
				"south": {"uv": [0, 5, 2, 6], "texture": "#1"},
				"west": {"uv": [0, 5, 1, 6], "rotation": 270, "texture": "#1"},
				"up": {"uv": [0, 5, 2, 6], "texture": "#1"},
				"down": {"uv": [0, 5, 2, 6], "texture": "#1"}
			}
		},
		{
			"from": [0, -0.8, 0],
			"to": [6, -0.6, 2],
			"rotation": {"angle": 0, "axis": "y", "origin": [8, 0, 8]},
			"faces": {
				"north": {"uv": [0, 6, 3, 7], "rotation": 180, "texture": "#1"},
				"east": {"uv": [2, 6, 3, 7], "rotation": 90, "texture": "#1"},
				"south": {"uv": [0, 6, 3, 7], "texture": "#1"},
				"west": {"uv": [0, 6, 1, 7], "rotation": 270, "texture": "#1"},
				"up": {"uv": [0, 6, 3, 7], "texture": "#1"},
				"down": {"uv": [0, 7, 3, 6], "texture": "#1"}
			}
		},
		{
			"from": [8, -0.8, 4],
			"to": [16, -0.6, 12],
			"rotation": {"angle": 0, "axis": "y", "origin": [8, 0, 8]},
			"faces": {
				"north": {"uv": [4, 8, 8, 9], "rotation": 180, "texture": "#1"},
				"east": {"uv": [7, 8, 8, 12], "rotation": 90, "texture": "#1"},
				"south": {"uv": [4, 11, 8, 12], "texture": "#1"},
				"west": {"uv": [4, 8, 5, 12], "rotation": 270, "texture": "#1"},
				"up": {"uv": [4, 8, 8, 12], "texture": "#1"},
				"down": {"uv": [4, 12, 8, 8], "texture": "#1"}
			}
		},
		{
			"from": [0, -0.8, 2],
			"to": [8, -0.6, 20],
			"rotation": {"angle": 0, "axis": "y", "origin": [8, 0, 8]},
			"faces": {
				"north": {"uv": [0, 7, 4, 8], "rotation": 180, "texture": "#1"},
				"east": {"uv": [3, 7, 4, 16], "rotation": 90, "texture": "#1"},
				"south": {"uv": [0, 15, 4, 16], "texture": "#1"},
				"west": {"uv": [0, 7, 1, 16], "rotation": 270, "texture": "#1"},
				"up": {"uv": [0, 7, 4, 16], "texture": "#1"},
				"down": {"uv": [0, 16, 4, 7], "texture": "#1"}
			}
		}
	],
	"gui_light": "front",
	"display": {
		"thirdperson_righthand": {
			"rotation": [94.25, -180, 0],
			"translation": [-1.25, 2.75, 5.75],
			"scale": [0.55, 0.55, 0.55]
		},
		"thirdperson_lefthand": {
			"rotation": [94.25, -180, 0],
			"translation": [-1.25, 2.75, 5.75],
			"scale": [0.55, 0.55, 0.55]
		},
		"firstperson_righthand": {
			"rotation": [46, 165, -8],
			"translation": [3.88, 5.7, 1.13],
			"scale": [0.68, 0.68, 0.68]
		},
		"firstperson_lefthand": {
			"rotation": [46, 165, -8],
			"translation": [3.88, 5.7, 1.13],
			"scale": [0.68, 0.68, 0.68]
		},
		"ground": {
			"translation": [0, 2, 0],
			"scale": [0.5, 0.5, 0.5]
		},
		"gui": {
			"rotation": [90, -180, 0]
		},
		"head": {
			"translation": [0, -11.2, 0],
			"scale": [3.2, 4, 3.2]
		},
		"fixed": {
			"rotation": [90, -180, -180],
			"translation": [0, 0, -8]
		}
	},
	"groups": [
		{
			"name": "group",
			"origin": [8, 8, 8],
			"color": 0,
			"children": [0, 1, 2, 3, 4]
		},
		{
			"name": "shadow",
			"origin": [8, 8, 8],
			"color": 0,
			"children": [5, 6, 7, 8, 9]
		}
	]
}