{
	"credit": "Made by T4BlrUs",
	"textures": {
		"1": "ouo:friendly_faceoff/shadow",
		"particle": "ouo:friendly_faceoff/shadow"
	},
	"elements": [
		{
			"from": [6, 0, 14],
			"to": [10, 0.5, 16],
			"rotation": {"angle": 0, "axis": "y", "origin": [8, 0, 8]},
			"faces": {
				"north": {"uv": [11, 7, 13, 8], "rotation": 180, "texture": "#0"},
				"east": {"uv": [12, 7, 13, 8], "rotation": 90, "texture": "#0"},
				"south": {"uv": [11, 7, 13, 8], "texture": "#0"},
				"west": {"uv": [11, 7, 12, 8], "rotation": 270, "texture": "#0"},
				"up": {"uv": [11, 7, 13, 8], "texture": "#0"},
				"down": {"uv": [11, 8, 13, 7], "texture": "#0"}
			}
		},
		{
			"from": [4, 0, 12],
			"to": [12, 0.5, 14],
			"rotation": {"angle": 0, "axis": "y", "origin": [8, 0, 8]},
			"faces": {
				"north": {"uv": [10, 6, 14, 7], "rotation": 180, "texture": "#0"},
				"east": {"uv": [13, 6, 14, 7], "rotation": 90, "texture": "#0"},
				"south": {"uv": [10, 6, 14, 7], "texture": "#0"},
				"west": {"uv": [10, 6, 11, 7], "rotation": 270, "texture": "#0"},
				"up": {"uv": [10, 6, 14, 7], "texture": "#0"},
				"down": {"uv": [10, 7, 14, 6], "texture": "#0"}
			}
		},
		{
			"from": [2, 0, 10],
			"to": [14, 0.5, 12],
			"rotation": {"angle": 0, "axis": "y", "origin": [8, 0, 8]},
			"faces": {
				"north": {"uv": [9, 5, 15, 6], "rotation": 180, "texture": "#0"},
				"east": {"uv": [14, 5, 15, 6], "rotation": 90, "texture": "#0"},
				"south": {"uv": [9, 5, 15, 6], "texture": "#0"},
				"west": {"uv": [9, 5, 10, 6], "rotation": 270, "texture": "#0"},
				"up": {"uv": [9, 5, 15, 6], "texture": "#0"},
				"down": {"uv": [9, 6, 15, 5], "texture": "#0"}
			}
		},
		{
			"from": [0, 0, 0],
			"to": [16, 0.5, 10],
			"rotation": {"angle": 0, "axis": "y", "origin": [8, 0, 8]},
			"faces": {
				"north": {"uv": [8, 0, 16, 1], "rotation": 180, "texture": "#0"},
				"east": {"uv": [15, 0, 16, 5], "rotation": 90, "texture": "#0"},
				"south": {"uv": [8, 4, 16, 5], "texture": "#0"},
				"west": {"uv": [8, 0, 9, 5], "rotation": 270, "texture": "#0"},
				"up": {"uv": [8, 0, 16, 5], "texture": "#0"},
				"down": {"uv": [8, 5, 16, 0], "texture": "#0"}
			}
		},
		{
			"from": [6, -0.8, 14],
			"to": [10, -0.6, 16],
			"rotation": {"angle": 0, "axis": "y", "origin": [8, 0, 8]},
			"faces": {
				"north": {"uv": [11, 7, 13, 8], "rotation": 180, "texture": "#1"},
				"east": {"uv": [12, 7, 13, 8], "rotation": 90, "texture": "#1"},
				"south": {"uv": [11, 7, 13, 8], "texture": "#1"},
				"west": {"uv": [11, 7, 12, 8], "rotation": 270, "texture": "#1"},
				"up": {"uv": [11, 7, 13, 8], "texture": "#1"},
				"down": {"uv": [11, 8, 13, 7], "texture": "#1"}
			}
		},
		{
			"from": [4, -0.8, 12],
			"to": [12, -0.6, 14],
			"rotation": {"angle": 0, "axis": "y", "origin": [8, 0, 8]},
			"faces": {
				"north": {"uv": [10, 6, 14, 7], "rotation": 180, "texture": "#1"},
				"east": {"uv": [13, 6, 14, 7], "rotation": 90, "texture": "#1"},
				"south": {"uv": [10, 6, 14, 7], "texture": "#1"},
				"west": {"uv": [10, 6, 11, 7], "rotation": 270, "texture": "#1"},
				"up": {"uv": [10, 6, 14, 7], "texture": "#1"},
				"down": {"uv": [10, 7, 14, 6], "texture": "#1"}
			}
		},
		{
			"from": [2, -0.8, 10],
			"to": [14, -0.6, 12],
			"rotation": {"angle": 0, "axis": "y", "origin": [8, 0, 8]},
			"faces": {
				"north": {"uv": [9, 5, 15, 6], "rotation": 180, "texture": "#1"},
				"east": {"uv": [14, 5, 15, 6], "rotation": 90, "texture": "#1"},
				"south": {"uv": [9, 5, 15, 6], "texture": "#1"},
				"west": {"uv": [9, 5, 10, 6], "rotation": 270, "texture": "#1"},
				"up": {"uv": [9, 5, 15, 6], "texture": "#1"},
				"down": {"uv": [9, 6, 15, 5], "texture": "#1"}
			}
		},
		{
			"from": [0, -0.8, 0],
			"to": [16, -0.6, 10],
			"rotation": {"angle": 0, "axis": "y", "origin": [8, 0, 8]},
			"faces": {
				"north": {"uv": [8, 0, 16, 1], "rotation": 180, "texture": "#1"},
				"east": {"uv": [15, 0, 16, 5], "rotation": 90, "texture": "#1"},
				"south": {"uv": [8, 4, 16, 5], "texture": "#1"},
				"west": {"uv": [8, 0, 9, 5], "rotation": 270, "texture": "#1"},
				"up": {"uv": [8, 0, 16, 5], "texture": "#1"},
				"down": {"uv": [8, 5, 16, 0], "texture": "#1"}
			}
		}
	],
	"gui_light": "front",
	"display": {
		"thirdperson_righthand": {
			"rotation": [94.25, -180, 0],
			"translation": [-1.25, 2.75, 5.75],
			"scale": [0.55, 0.55, 0.55]
		},
		"thirdperson_lefthand": {
			"rotation": [94.25, -180, 0],
			"translation": [-1.25, 2.75, 5.75],
			"scale": [0.55, 0.55, 0.55]
		},
		"firstperson_righthand": {
			"rotation": [46, 165, -8],
			"translation": [3.88, 5.7, 1.13],
			"scale": [0.68, 0.68, 0.68]
		},
		"firstperson_lefthand": {
			"rotation": [46, 165, -8],
			"translation": [3.88, 5.7, 1.13],
			"scale": [0.68, 0.68, 0.68]
		},
		"ground": {
			"translation": [0, 2, 0],
			"scale": [0.5, 0.5, 0.5]
		},
		"gui": {
			"rotation": [90, -180, 0]
		},
		"head": {
			"translation": [0, -11.2, 0],
			"scale": [3.2, 4, 3.2]
		},
		"fixed": {
			"rotation": [90, -180, -180],
			"translation": [0, 0, -8]
		}
	},
	"groups": [
		{
			"name": "group",
			"origin": [8, 8, 8],
			"color": 0,
			"children": [0, 1, 2, 3]
		},
		{
			"name": "shadow",
			"origin": [8, 8, 8],
			"color": 0,
			"children": [4, 5, 6, 7]
		}
	]
}