{
	"credit": "Made with Blockbench",
	"elements": [
		{
			"from": [10, 0, -4],
			"to": [12, 0.5, 20],
			"rotation": {"angle": 0, "axis": "y", "origin": [8, 0, 8]},
			"faces": {
				"north": {"uv": [11, 4, 12, 5], "rotation": 180, "texture": "#0"},
				"east": {"uv": [11, 4, 12, 16], "rotation": 90, "texture": "#0"},
				"south": {"uv": [11, 15, 12, 16], "texture": "#0"},
				"west": {"uv": [11, 4, 12, 16], "rotation": 270, "texture": "#0"},
				"up": {"uv": [11, 4, 12, 16], "texture": "#0"},
				"down": {"uv": [11, 16, 12, 4], "texture": "#0"}
			}
		},
		{
			"from": [8, 0, -2],
			"to": [10, 0.5, 20],
			"rotation": {"angle": 0, "axis": "y", "origin": [8, 0, 8]},
			"faces": {
				"north": {"uv": [10, 5, 11, 6], "rotation": 180, "texture": "#0"},
				"east": {"uv": [10, 5, 11, 16], "rotation": 90, "texture": "#0"},
				"south": {"uv": [10, 15, 11, 16], "texture": "#0"},
				"west": {"uv": [10, 5, 11, 16], "rotation": 270, "texture": "#0"},
				"up": {"uv": [10, 5, 11, 16], "texture": "#0"},
				"down": {"uv": [10, 16, 11, 5], "texture": "#0"}
			}
		},
		{
			"from": [6, 0, 0],
			"to": [8, 0.5, 20],
			"rotation": {"angle": 0, "axis": "y", "origin": [8, 0, 8]},
			"faces": {
				"north": {"uv": [9, 6, 10, 7], "rotation": 180, "texture": "#0"},
				"east": {"uv": [9, 6, 10, 16], "rotation": 90, "texture": "#0"},
				"south": {"uv": [9, 15, 10, 16], "texture": "#0"},
				"west": {"uv": [9, 6, 10, 16], "rotation": 270, "texture": "#0"},
				"up": {"uv": [9, 6, 10, 16], "texture": "#0"},
				"down": {"uv": [9, 16, 10, 6], "texture": "#0"}
			}
		},
		{
			"from": [4, 0, 2],
			"to": [6, 0.5, 20],
			"rotation": {"angle": 0, "axis": "y", "origin": [8, 0, 8]},
			"faces": {
				"north": {"uv": [8, 7, 9, 8], "rotation": 180, "texture": "#0"},
				"east": {"uv": [8, 7, 9, 16], "rotation": 90, "texture": "#0"},
				"south": {"uv": [8, 15, 9, 16], "texture": "#0"},
				"west": {"uv": [8, 7, 9, 16], "rotation": 270, "texture": "#0"},
				"up": {"uv": [8, 7, 9, 16], "texture": "#0"},
				"down": {"uv": [8, 16, 9, 7], "texture": "#0"}
			}
		}
	],
	"gui_light": "front",
	"display": {
		"thirdperson_righthand": {
			"rotation": [94.25, -180, 0],
			"translation": [-1.25, 2.75, 5.75],
			"scale": [0.55, 0.55, 0.55]
		},
		"thirdperson_lefthand": {
			"rotation": [94.25, -180, 0],
			"translation": [-1.25, 2.75, 5.75],
			"scale": [0.55, 0.55, 0.55]
		},
		"firstperson_righthand": {
			"rotation": [46, 165, -8],
			"translation": [3.88, 5.7, 1.13],
			"scale": [0.68, 0.68, 0.68]
		},
		"firstperson_lefthand": {
			"rotation": [46, 165, -8],
			"translation": [3.88, 5.7, 1.13],
			"scale": [0.68, 0.68, 0.68]
		},
		"ground": {
			"translation": [0, 2, 0],
			"scale": [0.5, 0.5, 0.5]
		},
		"gui": {
			"rotation": [90, -180, 0]
		},
		"head": {
			"translation": [0, -11.2, 0],
			"scale": [3.2, 4, 3.2]
		},
		"fixed": {
			"rotation": [90, -180, -180],
			"translation": [0, 0, -8]
		}
	},
	"groups": [
		{
			"name": "group",
			"origin": [8, 8, 8],
			"color": 0,
			"children": [0, 1, 2, 3]
		}
	]
}