{
	"parent": "item/handheld_rod",
	"textures": {
		"layer0": "item/carrot_on_a_stick"
	},
	"overrides": [
		{"predicate": {"custom_model_data": 1},"model": "minecraft:item/blank"},
		{"predicate": {"custom_model_data": 2},"model": "minecraft:item/dice_outline"},

		{"predicate": {"custom_model_data": 10},"model": "ouo:o/characters/pirate/pirate"},

		{"predicate": {"custom_model_data": 101},"model": "ouo:o/dice/normal/1"},
		{"predicate": {"custom_model_data": 102},"model": "ouo:o/dice/normal/2"},
		{"predicate": {"custom_model_data": 103},"model": "ouo:o/dice/normal/3"},
		{"predicate": {"custom_model_data": 104},"model": "ouo:o/dice/normal/4"},
		{"predicate": {"custom_model_data": 105},"model": "ouo:o/dice/normal/5"},
		{"predicate": {"custom_model_data": 106},"model": "ouo:o/dice/normal/6"},
		
		{"predicate": {"custom_model_data": 111},"model": "ouo:o/dice/golden/1"},
		{"predicate": {"custom_model_data": 112},"model": "ouo:o/dice/golden/2"},
		{"predicate": {"custom_model_data": 113},"model": "ouo:o/dice/golden/3"},
		{"predicate": {"custom_model_data": 114},"model": "ouo:o/dice/golden/4"},
		{"predicate": {"custom_model_data": 115},"model": "ouo:o/dice/golden/5"},
		{"predicate": {"custom_model_data": 116},"model": "ouo:o/dice/golden/6"},

		{"predicate": {"custom_model_data": 121},"model": "ouo:o/dice/silver/1"},
		{"predicate": {"custom_model_data": 122},"model": "ouo:o/dice/silver/2"},
		{"predicate": {"custom_model_data": 123},"model": "ouo:o/dice/silver/3"},
		{"predicate": {"custom_model_data": 124},"model": "ouo:o/dice/silver/4"},
		{"predicate": {"custom_model_data": 125},"model": "ouo:o/dice/silver/5"},
		{"predicate": {"custom_model_data": 126},"model": "ouo:o/dice/silver/6"},

		{"predicate": {"custom_model_data": 131},"model": "ouo:o/dice/bronze/1"},
		{"predicate": {"custom_model_data": 132},"model": "ouo:o/dice/bronze/2"},
		{"predicate": {"custom_model_data": 133},"model": "ouo:o/dice/bronze/3"},
		{"predicate": {"custom_model_data": 134},"model": "ouo:o/dice/bronze/4"},
		{"predicate": {"custom_model_data": 135},"model": "ouo:o/dice/bronze/5"},
		{"predicate": {"custom_model_data": 136},"model": "ouo:o/dice/bronze/6"},

		{"predicate": {"custom_model_data": 141},"model": "minecraft:item/skip"},
		{"predicate": {"custom_model_data": 142},"model": "ouo:item/barrier"},

		{"predicate": {"custom_model_data": 151},"model": "ouo:o/dice/negative/1"},
		{"predicate": {"custom_model_data": 152},"model": "ouo:o/dice/negative/2"},
		{"predicate": {"custom_model_data": 153},"model": "ouo:o/dice/negative/3"},
		{"predicate": {"custom_model_data": 154},"model": "ouo:o/dice/negative/4"},
		{"predicate": {"custom_model_data": 155},"model": "ouo:o/dice/negative/5"},
		{"predicate": {"custom_model_data": 156},"model": "ouo:o/dice/negative/6"},

		{"predicate": {"custom_model_data": 161},"model": "ouo:o/dice/dino/1"},
		{"predicate": {"custom_model_data": 162},"model": "ouo:o/dice/dino/2"},
		{"predicate": {"custom_model_data": 163},"model": "ouo:o/dice/dino/3"},
		{"predicate": {"custom_model_data": 164},"model": "ouo:o/dice/dino/4"},
		{"predicate": {"custom_model_data": 165},"model": "ouo:o/dice/dino/5"},
		{"predicate": {"custom_model_data": 166},"model": "ouo:o/dice/dino/6"},

		{"predicate": {"custom_model_data": 171},"model": "ouo:ufo/ufo"},


		{"predicate": {"custom_model_data": 200},"model": "ouo:o/channel_changers/tv_remote"},

		{"predicate": {"custom_model_data": 300},"model": "ouo:o/boost/red_bottom"},
		{"predicate": {"custom_model_data": 301},"model": "ouo:o/boost/red_top"},
		{"predicate": {"custom_model_data": 302},"model": "ouo:o/boost/lime_bottom"},
		{"predicate": {"custom_model_data": 303},"model": "ouo:o/boost/lime_top"},
		{"predicate": {"custom_model_data": 304},"model": "ouo:o/boost/light_blue_bottom"},
		{"predicate": {"custom_model_data": 305},"model": "ouo:o/boost/light_blue_top"},

		{"predicate": {"custom_model_data": 1001},"model": "ouo:o/dicey_descent/propeller_1"},
		{"predicate": {"custom_model_data": 1002},"model": "ouo:o/dicey_descent/propeller_2"},
		{"predicate": {"custom_model_data": 1003},"model": "ouo:o/dicey_descent/propeller_3"},

		{"predicate": {"custom_model_data": 3001},"model": "ouo:o/barrel_daredevil/button"},
		{"predicate": {"custom_model_data": 3002},"model": "ouo:o/barrel_daredevil/button_pressed"},


		{"predicate": {"custom_model_data": 4001},"model": "ouo:o/back_attack/shiny_s"},
		{"predicate": {"custom_model_data": 4002},"model": "ouo:o/back_attack/cart_blue"},
		{"predicate": {"custom_model_data": 4003},"model": "ouo:o/back_attack/cart_red"},
		{"predicate": {"custom_model_data": 4004},"model": "ouo:o/back_attack/cart_lime"},
		{"predicate": {"custom_model_data": 4005},"model": "ouo:o/back_attack/cart_orange"},
		{"predicate": {"custom_model_data": 4006},"model": "ouo:o/back_attack/animated"},

		{"predicate": {"custom_model_data": 5001},"model": "ouo:o/lucky_launch/detonator/normal"},
		{"predicate": {"custom_model_data": 5002},"model": "ouo:o/lucky_launch/detonator/pushed"},

		{"predicate": {"custom_model_data": 6001},"model": "ouo:o/derby_dash/whip"},

		{"predicate": {"custom_model_data": 8000},"model": "ouo:item/carrot/knife"},
		{"predicate": {"custom_model_data": 8001},"model": "ouo:item/carrot/carrot1"},
		{"predicate": {"custom_model_data": 8002},"model": "ouo:item/carrot/carrot2"},
		{"predicate": {"custom_model_data": 8003},"model": "ouo:item/carrot/carrot3"},
		{"predicate": {"custom_model_data": 8004},"model": "ouo:item/carrot/carrot4"},
		{"predicate": {"custom_model_data": 8005},"model": "ouo:item/carrot/carrot5"},
		{"predicate": {"custom_model_data": 8006},"model": "ouo:item/carrot/carrot6"},
		{"predicate": {"custom_model_data": 8007},"model": "ouo:item/carrot/carrot7"},
		{"predicate": {"custom_model_data": 8008},"model": "ouo:item/carrot/carrot8"},
		{"predicate": {"custom_model_data": 8009},"model": "ouo:item/carrot/carrot9"},
		{"predicate": {"custom_model_data": 8010},"model": "ouo:item/carrot/carrot10"},
		{"predicate": {"custom_model_data": 8011},"model": "ouo:item/carrot/carrot11"},
		{"predicate": {"custom_model_data": 8012},"model": "ouo:item/carrot/carrot12"},
		{"predicate": {"custom_model_data": 8013},"model": "ouo:item/carrot/carrot13"},
		{"predicate": {"custom_model_data": 8014},"model": "ouo:item/carrot/carrot14"},
		{"predicate": {"custom_model_data": 8015},"model": "ouo:item/carrot/carrot15"},
		{"predicate": {"custom_model_data": 8016},"model": "ouo:item/carrot/carrot16"},
		{"predicate": {"custom_model_data": 8017},"model": "ouo:item/carrot/carrot17"},
		{"predicate": {"custom_model_data": 8018},"model": "ouo:item/carrot/carrot18"},
		{"predicate": {"custom_model_data": 8019},"model": "ouo:item/carrot/carrot19"},
		{"predicate": {"custom_model_data": 8020},"model": "ouo:item/carrot/carrot20"},
		{"predicate": {"custom_model_data": 8021},"model": "ouo:item/carrot/carrot21"},
		{"predicate": {"custom_model_data": 8022},"model": "ouo:item/carrot/carrot22"},

		{"predicate": {"custom_model_data": 10001},"model": "ouo:item/can/blue"},
		{"predicate": {"custom_model_data": 10002},"model": "ouo:item/can/red"},
		{"predicate": {"custom_model_data": 10003},"model": "ouo:item/can/green"},
		{"predicate": {"custom_model_data": 10004},"model": "ouo:item/can/orange"},
		{"predicate": {"custom_model_data": 10011},"model": "ouo:o/popgun/popgun_blue"},
		{"predicate": {"custom_model_data": 10012},"model": "ouo:o/popgun/popgun_red"},
		{"predicate": {"custom_model_data": 10013},"model": "ouo:o/popgun/popgun_lime"},
		{"predicate": {"custom_model_data": 10014},"model": "ouo:o/popgun/popgun_orange"},

		{"predicate": {"custom_model_data": 16001},"model": "ouo:o/tropical_punch/punch_out"},
		{"predicate": {"custom_model_data": 16002},"model": "ouo:o/tropical_punch/punch_in"},


		{"predicate": {"custom_model_data": 22000},"model": "ouo:o/goal_getters/soccer0"},
		{"predicate": {"custom_model_data": 22001},"model": "ouo:o/goal_getters/soccer1"},
		{"predicate": {"custom_model_data": 22002},"model": "ouo:o/goal_getters/soccer2"},
		{"predicate": {"custom_model_data": 22003},"model": "ouo:o/goal_getters/soccer3"},
		{"predicate": {"custom_model_data": 22004},"model": "ouo:o/goal_getters/soccer4"},

		{"predicate": {"custom_model_data": 23001},"model": "ouo:o/risky_railway/blue"},
		{"predicate": {"custom_model_data": 23002},"model": "ouo:o/risky_railway/red"},
		{"predicate": {"custom_model_data": 23003},"model": "ouo:o/risky_railway/lime"},
		{"predicate": {"custom_model_data": 23004},"model": "ouo:o/risky_railway/orange"},

		{"predicate": {"custom_model_data": 24001},"model": "ouo:o/maze_daze/spin_normal"},
		{"predicate": {"custom_model_data": 24002},"model": "ouo:o/maze_daze/spin_fast"},
		{"predicate": {"custom_model_data": 24003},"model": "ouo:o/maze_daze/spin_off"},

		{"predicate": {"custom_model_data": 26001},"model": "ouo:block/fake_prismarine_stair"},
		{"predicate": {"custom_model_data": 26010},"model": "ouo:o/hammer_head/mole_normal"},
		{"predicate": {"custom_model_data": 26011},"model": "ouo:o/hammer_head/mole_golden"},
		{"predicate": {"custom_model_data": 26012},"model": "ouo:o/hammer_head/mole_sus"},
		{"predicate": {"custom_model_data": 26021},"model": "ouo:o/hammer_head/hammer_blue"},
		{"predicate": {"custom_model_data": 26022},"model": "ouo:o/hammer_head/hammer_red"},
		{"predicate": {"custom_model_data": 26023},"model": "ouo:o/hammer_head/hammer_lime"},
		{"predicate": {"custom_model_data": 26024},"model": "ouo:o/hammer_head/hammer_orange"},

		{"predicate": {"custom_model_data": 28001},"model": "ouo:item/stopwatch/blue"},
		{"predicate": {"custom_model_data": 28002},"model": "ouo:item/stopwatch/red"},
		{"predicate": {"custom_model_data": 28003},"model": "ouo:item/stopwatch/green"},
		{"predicate": {"custom_model_data": 28004},"model": "ouo:item/stopwatch/orange"},

		{"predicate": {"custom_model_data": 35000},"model": "ouo:o/strategy_steps/pad"},
		{"predicate": {"custom_model_data": 35001},"model": "ouo:o/strategy_steps/1"},
		{"predicate": {"custom_model_data": 35002},"model": "ouo:o/strategy_steps/3"},
		{"predicate": {"custom_model_data": 35003},"model": "ouo:o/strategy_steps/5"},
		{"predicate": {"custom_model_data": 35004},"model": "ouo:o/strategy_steps/blue_1"},
		{"predicate": {"custom_model_data": 35005},"model": "ouo:o/strategy_steps/blue_3"},
		{"predicate": {"custom_model_data": 35006},"model": "ouo:o/strategy_steps/blue_5"},
		{"predicate": {"custom_model_data": 35007},"model": "ouo:o/strategy_steps/red_1"},
		{"predicate": {"custom_model_data": 35008},"model": "ouo:o/strategy_steps/red_3"},
		{"predicate": {"custom_model_data": 35009},"model": "ouo:o/strategy_steps/red_5"},
		{"predicate": {"custom_model_data": 35010},"model": "ouo:o/strategy_steps/lime_1"},
		{"predicate": {"custom_model_data": 35011},"model": "ouo:o/strategy_steps/lime_3"},
		{"predicate": {"custom_model_data": 35012},"model": "ouo:o/strategy_steps/lime_5"},
		{"predicate": {"custom_model_data": 35013},"model": "ouo:o/strategy_steps/orange_1"},
		{"predicate": {"custom_model_data": 35014},"model": "ouo:o/strategy_steps/orange_3"},
		{"predicate": {"custom_model_data": 35015},"model": "ouo:o/strategy_steps/orange_5"},


		{"predicate": {"custom_model_data": 36001},"model": "ouo:o/face_flip/blue"},
		{"predicate": {"custom_model_data": 36002},"model": "ouo:o/face_flip/red"},
		{"predicate": {"custom_model_data": 36003},"model": "ouo:o/face_flip/green"},
		{"predicate": {"custom_model_data": 36004},"model": "ouo:o/face_flip/orange"},
		{"predicate": {"custom_model_data": 36005},"model": "ouo:o/face_flip/blue_sad"},
		{"predicate": {"custom_model_data": 36006},"model": "ouo:o/face_flip/red_sad"},
		{"predicate": {"custom_model_data": 36007},"model": "ouo:o/face_flip/green_sad"},
		{"predicate": {"custom_model_data": 36008},"model": "ouo:o/face_flip/orange_sad"}

	]
}