{
    "parent": "item/generated",
    "textures": {
        "layer0": "item/crossbow_standby"
    },
    "display": {
        "thirdperson_righthand": {
            "rotation": [ -90, 0, -60 ],
            "translation": [ 2, 0.1, -3 ],
            "scale": [ 0.9, 0.9, 0.9 ]
        },
        "thirdperson_lefthand": {
            "rotation": [ -90, 0, 30 ],
            "translation": [ 2, 0.1, -3 ],
            "scale": [ 0.9, 0.9, 0.9 ]
        },
        "firstperson_righthand": {
            "rotation": [ -90, 0, -55 ],
            "translation": [ 1.13, 3.2, 1.13],
            "scale": [ 0.68, 0.68, 0.68 ]
        },
        "firstperson_lefthand": {
            "rotation": [ -90, 0, 35 ],
            "translation": [ 1.13, 3.2, 1.13],
            "scale": [ 0.68, 0.68, 0.68 ]
        }
    },
    "overrides": [
        {"predicate": {"pulling": 1},"model": "item/crossbow_pulling_0"},
        {"predicate": {"pulling": 1,"pull": 0.58},"model": "item/crossbow_pulling_1"},
        {"predicate": {"pulling": 1,"pull": 1.0},"model": "item/crossbow_pulling_2"},
        {"predicate": {"charged": 1},"model": "item/crossbow_arrow"},
        {"predicate": {"charged": 1,"firework": 1},"model": "item/crossbow_firework"},

        {"predicate": {"custom_model_data": 1},"model": "ouo:o/tropical_punch/blue_out"},
        {"predicate": {"custom_model_data": 1,"pulling": 1, "pull": 0.0},"model": "ouo:o/tropical_punch/blue00"},
        {"predicate": {"custom_model_data": 1,"pulling": 1, "pull": 0.25},"model": "ouo:o/tropical_punch/blue0"},
        {"predicate": {"custom_model_data": 1,"pulling": 1,"pull": 0.5},"model": "ouo:o/tropical_punch/blue1"},
        {"predicate": {"custom_model_data": 1,"pulling": 1,"pull": 0.75},"model": "ouo:o/tropical_punch/blue2"},
        {"predicate": {"custom_model_data": 1,"charged": 1},"model": "ouo:o/tropical_punch/blue2"},
        {"predicate": {"custom_model_data": 2},"model": "ouo:o/tropical_punch/blue_out"},

        {"predicate": {"custom_model_data": 3},"model": "ouo:o/tropical_punch/punch_out"},
        {"predicate": {"custom_model_data": 3,"pulling": 1, "pull": 0.0},"model": "ouo:o/tropical_punch/punch_out_0"},
        {"predicate": {"custom_model_data": 3,"pulling": 1, "pull": 0.25},"model": "ouo:o/tropical_punch/punch_pulling_0"},
        {"predicate": {"custom_model_data": 3,"pulling": 1,"pull": 0.5},"model": "ouo:o/tropical_punch/punch_pulling_1"},
        {"predicate": {"custom_model_data": 3,"pulling": 1,"pull": 0.75},"model": "ouo:o/tropical_punch/punch_pulling_2"},
        {"predicate": {"custom_model_data": 3,"charged": 1},"model": "ouo:o/tropical_punch/punch_pulling_2"},
        {"predicate": {"custom_model_data": 4},"model": "ouo:o/tropical_punch/punch_out"},

        {"predicate": {"custom_model_data": 5},"model": "ouo:o/tropical_punch/lime_out"},
        {"predicate": {"custom_model_data": 5,"pulling": 1, "pull": 0.0},"model": "ouo:o/tropical_punch/lime00"},
        {"predicate": {"custom_model_data": 5,"pulling": 1, "pull": 0.25},"model": "ouo:o/tropical_punch/lime0"},
        {"predicate": {"custom_model_data": 5,"pulling": 1,"pull": 0.5},"model": "ouo:o/tropical_punch/lime1"},
        {"predicate": {"custom_model_data": 5,"pulling": 1,"pull": 0.75},"model": "ouo:o/tropical_punch/lime2"},
        {"predicate": {"custom_model_data": 5,"charged": 1},"model": "ouo:o/tropical_punch/lime2"},
        {"predicate": {"custom_model_data": 6},"model": "ouo:o/tropical_punch/lime_out"},

        {"predicate": {"custom_model_data": 7},"model": "ouo:o/tropical_punch/orange_out"},
        {"predicate": {"custom_model_data": 7,"pulling": 1, "pull": 0.0},"model": "ouo:o/tropical_punch/orange00"},
        {"predicate": {"custom_model_data": 7,"pulling": 1, "pull": 0.25},"model": "ouo:o/tropical_punch/orange0"},
        {"predicate": {"custom_model_data": 7,"pulling": 1,"pull": 0.5},"model": "ouo:o/tropical_punch/orange1"},
        {"predicate": {"custom_model_data": 7,"pulling": 1,"pull": 0.75},"model": "ouo:o/tropical_punch/orange2"},
        {"predicate": {"custom_model_data": 7,"charged": 1},"model": "ouo:o/tropical_punch/orange2"},
        {"predicate": {"custom_model_data": 8},"model": "ouo:o/tropical_punch/orange_out"}
    ]
}