{
	"parent": "minecraft:item/generated",
	"textures": {
		"layer0": "minecraft:item/leather_horse_armor"
	},
	"overrides": [
		{"predicate": {"custom_model_data": 1},"model": "ouo:o/back_attack/normal"},
		{"predicate": {"custom_model_data": 2},"model": "ouo:o/back_attack/animated"},
		{"predicate": {"custom_model_data": 3},"model": "ouo:o/back_attack/normal_alt"},
	
		

		{"predicate": {"custom_model_data": 501},"model": "ouo:o/lucky_launch/firework/long_thin_bottom_p1"},
		{"predicate": {"custom_model_data": 502},"model": "ouo:o/lucky_launch/firework/long_thin_bottom_p2"},
		{"predicate": {"custom_model_data": 503},"model": "ouo:o/lucky_launch/firework/long_thin_bottom_p3"},
		{"predicate": {"custom_model_data": 504},"model": "ouo:o/lucky_launch/firework/long_thin_top_p1"},
		{"predicate": {"custom_model_data": 505},"model": "ouo:o/lucky_launch/firework/long_thin_top_p2"},
		{"predicate": {"custom_model_data": 506},"model": "ouo:o/lucky_launch/firework/long_thin_top_p3"},

		{"predicate": {"custom_model_data": 511},"model": "ouo:o/lucky_launch/firework/long-medium_fat_p1"},
		{"predicate": {"custom_model_data": 512},"model": "ouo:o/lucky_launch/firework/long-medium_fat_p2"},
		{"predicate": {"custom_model_data": 513},"model": "ouo:o/lucky_launch/firework/long-medium_fat_p3"},

		{"predicate": {"custom_model_data": 521},"model": "ouo:o/lucky_launch/firework/medium_p1"},
		{"predicate": {"custom_model_data": 522},"model": "ouo:o/lucky_launch/firework/medium_p2"},
		{"predicate": {"custom_model_data": 523},"model": "ouo:o/lucky_launch/firework/medium_p3"},
	
		{"predicate": {"custom_model_data": 531},"model": "ouo:o/lucky_launch/firework/short_thin_p1"},
		{"predicate": {"custom_model_data": 532},"model": "ouo:o/lucky_launch/firework/short_thin_p2"},
		{"predicate": {"custom_model_data": 533},"model": "ouo:o/lucky_launch/firework/short_thin_p3"},

		{"predicate": {"custom_model_data": 2301},"model": "ouo:o/risky_railway/parent"},

		{"predicate": {"custom_model_data": 2501},"model": "ouo:o/hammer_head/hammer"}

	]
}