{
	"credit": "Made by T4BlrUs",
	"textures": {
		"1": "ouo:friendly_faceoff/shadow",
		"particle": "ouo:friendly_faceoff/shadow"
	},
	"elements": [
		{
			"from": [12, 0, 0],
			"to": [14, 0.5, 2],
			"rotation": {"angle": 0, "axis": "x", "origin": [8, 0, 8]},
			"faces": {
				"north": {"uv": [8, 0, 9, 1], "rotation": 180, "texture": "#0"},
				"east": {"uv": [8, 0, 9, 1], "rotation": 90, "texture": "#0"},
				"south": {"uv": [8, 0, 9, 1], "texture": "#0"},
				"west": {"uv": [8, 0, 9, 1], "rotation": 270, "texture": "#0"},
				"up": {"uv": [8, 0, 9, 1], "texture": "#0"},
				"down": {"uv": [8, 1, 9, 0], "texture": "#0"}
			}
		},
		{
			"from": [12, 0, 2],
			"to": [16, 0.5, 4],
			"rotation": {"angle": 0, "axis": "x", "origin": [8, 0, 8]},
			"faces": {
				"north": {"uv": [8, 1, 10, 2], "rotation": 180, "texture": "#0"},
				"east": {"uv": [9, 1, 10, 2], "rotation": 90, "texture": "#0"},
				"south": {"uv": [8, 1, 10, 2], "texture": "#0"},
				"west": {"uv": [8, 1, 9, 2], "rotation": 270, "texture": "#0"},
				"up": {"uv": [8, 1, 10, 2], "texture": "#0"},
				"down": {"uv": [8, 2, 10, 1], "texture": "#0"}
			}
		},
		{
			"from": [12, 0, 4],
			"to": [18, 0.5, 6],
			"rotation": {"angle": 0, "axis": "x", "origin": [8, 0, 8]},
			"faces": {
				"north": {"uv": [8, 2, 11, 3], "rotation": 180, "texture": "#0"},
				"east": {"uv": [10, 2, 11, 3], "rotation": 90, "texture": "#0"},
				"south": {"uv": [8, 2, 11, 3], "texture": "#0"},
				"west": {"uv": [8, 2, 9, 3], "rotation": 270, "texture": "#0"},
				"up": {"uv": [8, 2, 11, 3], "texture": "#0"},
				"down": {"uv": [8, 3, 11, 2], "texture": "#0"}
			}
		},
		{
			"from": [12, 0, 6],
			"to": [20, 0.5, 8],
			"rotation": {"angle": 0, "axis": "x", "origin": [8, 0, 8]},
			"faces": {
				"north": {"uv": [8, 3, 12, 4], "rotation": 180, "texture": "#0"},
				"east": {"uv": [11, 3, 12, 4], "rotation": 90, "texture": "#0"},
				"south": {"uv": [8, 3, 12, 4], "texture": "#0"},
				"west": {"uv": [8, 3, 9, 4], "rotation": 270, "texture": "#0"},
				"up": {"uv": [8, 3, 12, 4], "texture": "#0"},
				"down": {"uv": [8, 4, 12, 3], "texture": "#0"}
			}
		},
		{
			"from": [-4, 0, 0],
			"to": [4, 0.5, 16],
			"rotation": {"angle": 0, "axis": "x", "origin": [8, 0, 8]},
			"faces": {
				"north": {"uv": [0, 0, 4, 1], "rotation": 180, "texture": "#0"},
				"east": {"uv": [3, 0, 4, 8], "rotation": 90, "texture": "#0"},
				"south": {"uv": [0, 7, 4, 8], "texture": "#0"},
				"west": {"uv": [0, 0, 1, 8], "rotation": 270, "texture": "#0"},
				"up": {"uv": [0, 0, 4, 8], "texture": "#0"},
				"down": {"uv": [0, 8, 4, 0], "texture": "#0"}
			}
		},
		{
			"from": [4, 0, 0],
			"to": [12, 0.5, 8],
			"rotation": {"angle": 0, "axis": "x", "origin": [8, 0, 8]},
			"faces": {
				"north": {"uv": [4, 0, 8, 1], "rotation": 180, "texture": "#0"},
				"east": {"uv": [7, 0, 8, 4], "rotation": 90, "texture": "#0"},
				"south": {"uv": [4, 3, 8, 4], "texture": "#0"},
				"west": {"uv": [4, 0, 5, 4], "rotation": 270, "texture": "#0"},
				"up": {"uv": [4, 0, 8, 4], "texture": "#0"},
				"down": {"uv": [4, 4, 8, 0], "texture": "#0"}
			}
		},
		{
			"from": [12, -0.8, 0],
			"to": [14, -0.6, 2],
			"rotation": {"angle": 0, "axis": "x", "origin": [8, 0, 8]},
			"faces": {
				"north": {"uv": [8, 0, 9, 1], "rotation": 180, "texture": "#1"},
				"east": {"uv": [8, 0, 9, 1], "rotation": 90, "texture": "#1"},
				"south": {"uv": [8, 0, 9, 1], "texture": "#1"},
				"west": {"uv": [8, 0, 9, 1], "rotation": 270, "texture": "#1"},
				"up": {"uv": [8, 0, 9, 1], "texture": "#1"},
				"down": {"uv": [8, 1, 9, 0], "texture": "#1"}
			}
		},
		{
			"from": [12, -0.8, 2],
			"to": [16, -0.6, 4],
			"rotation": {"angle": 0, "axis": "x", "origin": [8, 0, 8]},
			"faces": {
				"north": {"uv": [8, 1, 10, 2], "rotation": 180, "texture": "#1"},
				"east": {"uv": [9, 1, 10, 2], "rotation": 90, "texture": "#1"},
				"south": {"uv": [8, 1, 10, 2], "texture": "#1"},
				"west": {"uv": [8, 1, 9, 2], "rotation": 270, "texture": "#1"},
				"up": {"uv": [8, 1, 10, 2], "texture": "#1"},
				"down": {"uv": [8, 2, 10, 1], "texture": "#1"}
			}
		},
		{
			"from": [12, -0.8, 4],
			"to": [18, -0.6, 6],
			"rotation": {"angle": 0, "axis": "x", "origin": [8, 0, 8]},
			"faces": {
				"north": {"uv": [8, 2, 11, 3], "rotation": 180, "texture": "#1"},
				"east": {"uv": [10, 2, 11, 3], "rotation": 90, "texture": "#1"},
				"south": {"uv": [8, 2, 11, 3], "texture": "#1"},
				"west": {"uv": [8, 2, 9, 3], "rotation": 270, "texture": "#1"},
				"up": {"uv": [8, 2, 11, 3], "texture": "#1"},
				"down": {"uv": [8, 3, 11, 2], "texture": "#1"}
			}
		},
		{
			"from": [12, -0.8, 6],
			"to": [20, -0.6, 8],
			"rotation": {"angle": 0, "axis": "x", "origin": [8, 0, 8]},
			"faces": {
				"north": {"uv": [8, 3, 12, 4], "rotation": 180, "texture": "#1"},
				"east": {"uv": [11, 3, 12, 4], "rotation": 90, "texture": "#1"},
				"south": {"uv": [8, 3, 12, 4], "texture": "#1"},
				"west": {"uv": [8, 3, 9, 4], "rotation": 270, "texture": "#1"},
				"up": {"uv": [8, 3, 12, 4], "texture": "#1"},
				"down": {"uv": [8, 4, 12, 3], "texture": "#1"}
			}
		},
		{
			"from": [-4, -0.8, 0],
			"to": [4, -0.6, 16],
			"rotation": {"angle": 0, "axis": "x", "origin": [8, 0, 8]},
			"faces": {
				"north": {"uv": [0, 0, 4, 1], "rotation": 180, "texture": "#1"},
				"east": {"uv": [3, 0, 4, 8], "rotation": 90, "texture": "#1"},
				"south": {"uv": [0, 7, 4, 8], "texture": "#1"},
				"west": {"uv": [0, 0, 1, 8], "rotation": 270, "texture": "#1"},
				"up": {"uv": [0, 0, 4, 8], "texture": "#1"},
				"down": {"uv": [0, 8, 4, 0], "texture": "#1"}
			}
		},
		{
			"from": [4, -0.8, 0],
			"to": [12, -0.6, 8],
			"rotation": {"angle": 0, "axis": "x", "origin": [8, 0, 8]},
			"faces": {
				"north": {"uv": [4, 0, 8, 1], "rotation": 180, "texture": "#1"},
				"east": {"uv": [7, 0, 8, 4], "rotation": 90, "texture": "#1"},
				"south": {"uv": [4, 3, 8, 4], "texture": "#1"},
				"west": {"uv": [4, 0, 5, 4], "rotation": 270, "texture": "#1"},
				"up": {"uv": [4, 0, 8, 4], "texture": "#1"},
				"down": {"uv": [4, 4, 8, 0], "texture": "#1"}
			}
		}
	],
	"gui_light": "front",
	"display": {
		"thirdperson_righthand": {
			"rotation": [94.25, -180, 0],
			"translation": [-1.25, 2.75, 5.75],
			"scale": [0.55, 0.55, 0.55]
		},
		"thirdperson_lefthand": {
			"rotation": [94.25, -180, 0],
			"translation": [-1.25, 2.75, 5.75],
			"scale": [0.55, 0.55, 0.55]
		},
		"firstperson_righthand": {
			"rotation": [46, 165, -8],
			"translation": [3.88, 5.7, 1.13],
			"scale": [0.68, 0.68, 0.68]
		},
		"firstperson_lefthand": {
			"rotation": [46, 165, -8],
			"translation": [3.88, 5.7, 1.13],
			"scale": [0.68, 0.68, 0.68]
		},
		"ground": {
			"translation": [0, 2, 0],
			"scale": [0.5, 0.5, 0.5]
		},
		"gui": {
			"rotation": [90, -180, 0]
		},
		"head": {
			"translation": [0, -11.2, 0],
			"scale": [3.2, 4, 3.2]
		},
		"fixed": {
			"rotation": [90, -180, -180],
			"translation": [0, 0, -8]
		}
	},
	"groups": [
		{
			"name": "group",
			"origin": [8, 8, 8],
			"color": 0,
			"children": [0, 1, 2, 3, 4, 5]
		},
		{
			"name": "shadow",
			"origin": [8, 8, 8],
			"color": 0,
			"children": [6, 7, 8, 9, 10, 11]
		}
	]
}