{
	"credit": "Made with Blockbench",
	"elements": [
		{
			"from": [-4, 0, 4],
			"to": [20, 0.5, 6],
			"rotation": {"angle": 0, "axis": "y", "origin": [8, 0, 8]},
			"faces": {
				"north": {"uv": [4, 0, 16, 1], "rotation": 180, "texture": "#0"},
				"east": {"uv": [15, 0, 16, 1], "rotation": 90, "texture": "#0"},
				"south": {"uv": [4, 0, 16, 1], "texture": "#0"},
				"west": {"uv": [4, 0, 5, 1], "rotation": 270, "texture": "#0"},
				"up": {"uv": [4, 0, 16, 1], "texture": "#0"},
				"down": {"uv": [4, 1, 16, 0], "texture": "#0"}
			}
		},
		{
			"from": [-4, 0, 6],
			"to": [18, 0.5, 8],
			"rotation": {"angle": 0, "axis": "y", "origin": [8, 0, 8]},
			"faces": {
				"north": {"uv": [4, 1, 15, 2], "rotation": 180, "texture": "#0"},
				"east": {"uv": [14, 1, 15, 2], "rotation": 90, "texture": "#0"},
				"south": {"uv": [4, 1, 15, 2], "texture": "#0"},
				"west": {"uv": [4, 1, 5, 2], "rotation": 270, "texture": "#0"},
				"up": {"uv": [4, 1, 15, 2], "texture": "#0"},
				"down": {"uv": [4, 2, 15, 1], "texture": "#0"}
			}
		},
		{
			"from": [-4, 0, 8],
			"to": [16, 0.5, 10],
			"rotation": {"angle": 0, "axis": "y", "origin": [8, 0, 8]},
			"faces": {
				"north": {"uv": [4, 2, 14, 3], "rotation": 180, "texture": "#0"},
				"east": {"uv": [13, 2, 14, 3], "rotation": 90, "texture": "#0"},
				"south": {"uv": [4, 2, 14, 3], "texture": "#0"},
				"west": {"uv": [4, 2, 5, 3], "rotation": 270, "texture": "#0"},
				"up": {"uv": [4, 2, 14, 3], "texture": "#0"},
				"down": {"uv": [4, 3, 14, 2], "texture": "#0"}
			}
		},
		{
			"from": [-4, 0, 10],
			"to": [14, 0.5, 12],
			"rotation": {"angle": 0, "axis": "y", "origin": [8, 0, 8]},
			"faces": {
				"north": {"uv": [4, 3, 13, 4], "rotation": 180, "texture": "#0"},
				"east": {"uv": [12, 3, 13, 4], "rotation": 90, "texture": "#0"},
				"south": {"uv": [4, 3, 13, 4], "texture": "#0"},
				"west": {"uv": [4, 3, 5, 4], "rotation": 270, "texture": "#0"},
				"up": {"uv": [4, 3, 13, 4], "texture": "#0"},
				"down": {"uv": [4, 4, 13, 3], "texture": "#0"}
			}
		}
	],
	"gui_light": "front",
	"display": {
		"thirdperson_righthand": {
			"rotation": [94.25, -180, 0],
			"translation": [-1.25, 2.75, 5.75],
			"scale": [0.55, 0.55, 0.55]
		},
		"thirdperson_lefthand": {
			"rotation": [94.25, -180, 0],
			"translation": [-1.25, 2.75, 5.75],
			"scale": [0.55, 0.55, 0.55]
		},
		"firstperson_righthand": {
			"rotation": [46, 165, -8],
			"translation": [3.88, 5.7, 1.13],
			"scale": [0.68, 0.68, 0.68]
		},
		"firstperson_lefthand": {
			"rotation": [46, 165, -8],
			"translation": [3.88, 5.7, 1.13],
			"scale": [0.68, 0.68, 0.68]
		},
		"ground": {
			"translation": [0, 2, 0],
			"scale": [0.5, 0.5, 0.5]
		},
		"gui": {
			"rotation": [90, -180, 0]
		},
		"head": {
			"translation": [0, -11.2, 0],
			"scale": [3.2, 4, 3.2]
		},
		"fixed": {
			"rotation": [90, -180, -180],
			"translation": [0, 0, -8]
		}
	},
	"groups": [
		{
			"name": "group",
			"origin": [8, 8, 8],
			"color": 0,
			"children": [0, 1, 2, 3]
		}
	]
}