{
	"credit": "Made with Blockbench",
	"elements": [
		{
			"from": [-4, 0, 0],
			"to": [12, 0.5, 2],
			"rotation": {"angle": 0, "axis": "y", "origin": [8, 0, 8]},
			"faces": {
				"north": {"uv": [4, 4, 12, 5], "rotation": 180, "texture": "#0"},
				"east": {"uv": [11, 4, 12, 5], "rotation": 90, "texture": "#0"},
				"south": {"uv": [4, 4, 12, 5], "texture": "#0"},
				"west": {"uv": [4, 4, 5, 5], "rotation": 270, "texture": "#0"},
				"up": {"uv": [4, 4, 12, 5], "texture": "#0"},
				"down": {"uv": [4, 5, 12, 4], "texture": "#0"}
			}
		},
		{
			"from": [-2, 0, 2],
			"to": [12, 0.5, 4],
			"rotation": {"angle": 0, "axis": "y", "origin": [8, 0, 8]},
			"faces": {
				"north": {"uv": [5, 5, 12, 6], "rotation": 180, "texture": "#0"},
				"east": {"uv": [11, 5, 12, 6], "rotation": 90, "texture": "#0"},
				"south": {"uv": [5, 5, 12, 6], "texture": "#0"},
				"west": {"uv": [5, 5, 6, 6], "rotation": 270, "texture": "#0"},
				"up": {"uv": [5, 5, 12, 6], "texture": "#0"},
				"down": {"uv": [5, 6, 12, 5], "texture": "#0"}
			}
		},
		{
			"from": [0, 0, 4],
			"to": [12, 0.5, 6],
			"rotation": {"angle": 0, "axis": "y", "origin": [8, 0, 8]},
			"faces": {
				"north": {"uv": [6, 6, 12, 7], "rotation": 180, "texture": "#0"},
				"east": {"uv": [11, 6, 12, 7], "rotation": 90, "texture": "#0"},
				"south": {"uv": [6, 6, 12, 7], "texture": "#0"},
				"west": {"uv": [6, 6, 7, 7], "rotation": 270, "texture": "#0"},
				"up": {"uv": [6, 6, 12, 7], "texture": "#0"},
				"down": {"uv": [6, 7, 12, 6], "texture": "#0"}
			}
		},
		{
			"from": [2, 0, 6],
			"to": [12, 0.5, 8],
			"rotation": {"angle": 0, "axis": "y", "origin": [8, 0, 8]},
			"faces": {
				"north": {"uv": [7, 7, 12, 8], "rotation": 180, "texture": "#0"},
				"east": {"uv": [11, 7, 12, 8], "rotation": 90, "texture": "#0"},
				"south": {"uv": [7, 7, 12, 8], "texture": "#0"},
				"west": {"uv": [7, 7, 8, 8], "rotation": 270, "texture": "#0"},
				"up": {"uv": [7, 7, 12, 8], "texture": "#0"},
				"down": {"uv": [7, 8, 12, 7], "texture": "#0"}
			}
		},
		{
			"from": [4, 0, 8],
			"to": [20, 0.5, 16],
			"rotation": {"angle": 0, "axis": "y", "origin": [8, 0, 8]},
			"faces": {
				"north": {"uv": [8, 8, 16, 9], "rotation": 180, "texture": "#0"},
				"east": {"uv": [15, 8, 16, 12], "rotation": 90, "texture": "#0"},
				"south": {"uv": [8, 11, 16, 12], "texture": "#0"},
				"west": {"uv": [8, 8, 9, 12], "rotation": 270, "texture": "#0"},
				"up": {"uv": [8, 8, 16, 12], "texture": "#0"},
				"down": {"uv": [8, 12, 16, 8], "texture": "#0"}
			}
		}
	],
	"gui_light": "front",
	"display": {
		"thirdperson_righthand": {
			"rotation": [94.25, -180, 0],
			"translation": [-1.25, 2.75, 5.75],
			"scale": [0.55, 0.55, 0.55]
		},
		"thirdperson_lefthand": {
			"rotation": [94.25, -180, 0],
			"translation": [-1.25, 2.75, 5.75],
			"scale": [0.55, 0.55, 0.55]
		},
		"firstperson_righthand": {
			"rotation": [46, 165, -8],
			"translation": [3.88, 5.7, 1.13],
			"scale": [0.68, 0.68, 0.68]
		},
		"firstperson_lefthand": {
			"rotation": [46, 165, -8],
			"translation": [3.88, 5.7, 1.13],
			"scale": [0.68, 0.68, 0.68]
		},
		"ground": {
			"translation": [0, 2, 0],
			"scale": [0.5, 0.5, 0.5]
		},
		"gui": {
			"rotation": [90, -180, 0]
		},
		"head": {
			"translation": [0, -11.2, 0],
			"scale": [3.2, 4, 3.2]
		},
		"fixed": {
			"rotation": [90, -180, -180],
			"translation": [0, 0, -8]
		}
	},
	"groups": [
		{
			"name": "group",
			"origin": [8, 8, 8],
			"color": 0,
			"children": [0, 1, 2, 3, 4]
		}
	]
}