{
	"credit": "Made by T4BlrUs",
	"elements": [
		{
			"from": [8, 0, 8],
			"to": [10, 0.5, 10],
			"rotation": {"angle": 0, "axis": "y", "origin": [8, 0, 8]},
			"faces": {
				"north": {"uv": [8, 4, 9, 5], "rotation": 180, "texture": "#0"},
				"east": {"uv": [8, 4, 9, 5], "rotation": 90, "texture": "#0"},
				"south": {"uv": [8, 4, 9, 5], "texture": "#0"},
				"west": {"uv": [8, 4, 9, 5], "rotation": 270, "texture": "#0"},
				"up": {"uv": [8, 4, 9, 5], "texture": "#0"},
				"down": {"uv": [8, 5, 9, 4], "texture": "#0"}
			}
		},
		{
			"from": [8, 0, 10],
			"to": [12, 0.5, 12],
			"rotation": {"angle": 0, "axis": "y", "origin": [8, 0, 8]},
			"faces": {
				"north": {"uv": [8, 5, 10, 6], "rotation": 180, "texture": "#0"},
				"east": {"uv": [9, 5, 10, 6], "rotation": 90, "texture": "#0"},
				"south": {"uv": [8, 5, 10, 6], "texture": "#0"},
				"west": {"uv": [8, 5, 9, 6], "rotation": 270, "texture": "#0"},
				"up": {"uv": [8, 5, 10, 6], "texture": "#0"},
				"down": {"uv": [8, 6, 10, 5], "texture": "#0"}
			}
		},
		{
			"from": [8, 0, 12],
			"to": [14, 0.5, 14],
			"rotation": {"angle": 0, "axis": "y", "origin": [8, 0, 8]},
			"faces": {
				"north": {"uv": [8, 6, 11, 7], "rotation": 180, "texture": "#0"},
				"east": {"uv": [10, 6, 11, 7], "rotation": 90, "texture": "#0"},
				"south": {"uv": [8, 6, 11, 7], "texture": "#0"},
				"west": {"uv": [8, 6, 9, 7], "rotation": 270, "texture": "#0"},
				"up": {"uv": [8, 6, 11, 7], "texture": "#0"},
				"down": {"uv": [8, 7, 11, 6], "texture": "#0"}
			}
		},
		{
			"from": [8, 0, 14],
			"to": [16, 0.5, 16],
			"rotation": {"angle": 0, "axis": "y", "origin": [8, 0, 8]},
			"faces": {
				"north": {"uv": [8, 7, 12, 8], "rotation": 180, "texture": "#0"},
				"east": {"uv": [11, 7, 12, 8], "rotation": 90, "texture": "#0"},
				"south": {"uv": [8, 7, 12, 8], "texture": "#0"},
				"west": {"uv": [8, 7, 9, 8], "rotation": 270, "texture": "#0"},
				"up": {"uv": [8, 7, 12, 8], "texture": "#0"},
				"down": {"uv": [8, 8, 12, 7], "texture": "#0"}
			}
		},
		{
			"from": [0, 0, 0],
			"to": [8, 0.5, 16],
			"rotation": {"angle": 0, "axis": "y", "origin": [8, 0, 8]},
			"faces": {
				"north": {"uv": [4, 0, 8, 1], "rotation": 180, "texture": "#0"},
				"east": {"uv": [7, 0, 8, 8], "rotation": 90, "texture": "#0"},
				"south": {"uv": [4, 7, 8, 8], "texture": "#0"},
				"west": {"uv": [4, 0, 5, 8], "rotation": 270, "texture": "#0"},
				"up": {"uv": [4, 0, 8, 8], "texture": "#0"},
				"down": {"uv": [4, 8, 8, 0], "texture": "#0"}
			}
		}
	],
	"gui_light": "front",
	"display": {
		"thirdperson_righthand": {
			"rotation": [94.25, -180, 0],
			"translation": [-1.25, 2.75, 5.75],
			"scale": [0.55, 0.55, 0.55]
		},
		"thirdperson_lefthand": {
			"rotation": [94.25, -180, 0],
			"translation": [-1.25, 2.75, 5.75],
			"scale": [0.55, 0.55, 0.55]
		},
		"firstperson_righthand": {
			"rotation": [46, 165, -8],
			"translation": [3.88, 5.7, 1.13],
			"scale": [0.68, 0.68, 0.68]
		},
		"firstperson_lefthand": {
			"rotation": [46, 165, -8],
			"translation": [3.88, 5.7, 1.13],
			"scale": [0.68, 0.68, 0.68]
		},
		"ground": {
			"translation": [0, 2, 0],
			"scale": [0.5, 0.5, 0.5]
		},
		"gui": {
			"rotation": [90, -180, 0]
		},
		"head": {
			"translation": [0, -11.2, 0],
			"scale": [3.2, 4, 3.2]
		},
		"fixed": {
			"rotation": [90, -180, -180],
			"translation": [0, 0, -8]
		}
	},
	"groups": [
		{
			"name": "group",
			"origin": [8, 8, 8],
			"color": 0,
			"children": [0, 1, 2, 3, 4]
		}
	]
}