{
	"credit": "Made by T4Bl3rUs",
	"elements": [
		{
			"from": [0, 0, 0],
			"to": [16, 0.5, 2],
			"rotation": {"angle": 0, "axis": "y", "origin": [8, 0, 8]},
			"faces": {
				"north": {"uv": [8, 0, 16, 1], "rotation": 180, "texture": "#0"},
				"east": {"uv": [15, 0, 16, 1], "rotation": 90, "texture": "#0"},
				"south": {"uv": [8, 0, 16, 1], "texture": "#0"},
				"west": {"uv": [8, 0, 9, 1], "rotation": 270, "texture": "#0"},
				"up": {"uv": [8, 0, 16, 1], "texture": "#0"},
				"down": {"uv": [8, 1, 16, 0], "texture": "#0"}
			}
		},
		{
			"from": [2, 0, 2],
			"to": [16, 0.5, 4],
			"rotation": {"angle": 0, "axis": "y", "origin": [8, 0, 8]},
			"faces": {
				"north": {"uv": [9, 1, 16, 2], "rotation": 180, "texture": "#0"},
				"east": {"uv": [15, 1, 16, 2], "rotation": 90, "texture": "#0"},
				"south": {"uv": [9, 1, 16, 2], "texture": "#0"},
				"west": {"uv": [9, 1, 10, 2], "rotation": 270, "texture": "#0"},
				"up": {"uv": [9, 1, 16, 2], "texture": "#0"},
				"down": {"uv": [9, 2, 16, 1], "texture": "#0"}
			}
		},
		{
			"from": [4, 0, 4],
			"to": [16, 0.5, 6],
			"rotation": {"angle": 0, "axis": "y", "origin": [8, 0, 8]},
			"faces": {
				"north": {"uv": [10, 2, 16, 3], "rotation": 180, "texture": "#0"},
				"east": {"uv": [15, 2, 16, 3], "rotation": 90, "texture": "#0"},
				"south": {"uv": [10, 2, 16, 3], "texture": "#0"},
				"west": {"uv": [10, 2, 11, 3], "rotation": 270, "texture": "#0"},
				"up": {"uv": [10, 2, 16, 3], "texture": "#0"},
				"down": {"uv": [10, 3, 16, 2], "texture": "#0"}
			}
		},
		{
			"from": [6, 0, 6],
			"to": [16, 0.5, 8],
			"rotation": {"angle": 0, "axis": "y", "origin": [8, 0, 8]},
			"faces": {
				"north": {"uv": [11, 3, 16, 4], "rotation": 180, "texture": "#0"},
				"east": {"uv": [15, 3, 16, 4], "rotation": 90, "texture": "#0"},
				"south": {"uv": [11, 3, 16, 4], "texture": "#0"},
				"west": {"uv": [11, 3, 12, 4], "rotation": 270, "texture": "#0"},
				"up": {"uv": [11, 3, 16, 4], "texture": "#0"},
				"down": {"uv": [11, 4, 16, 3], "texture": "#0"}
			}
		},
		{
			"from": [6, 0, 8],
			"to": [16, 0.5, 10],
			"rotation": {"angle": 0, "axis": "y", "origin": [8, 0, 8]},
			"faces": {
				"north": {"uv": [11, 4, 16, 5], "rotation": 180, "texture": "#0"},
				"east": {"uv": [15, 4, 16, 5], "rotation": 90, "texture": "#0"},
				"south": {"uv": [11, 4, 16, 5], "texture": "#0"},
				"west": {"uv": [11, 4, 12, 5], "rotation": 270, "texture": "#0"},
				"up": {"uv": [11, 4, 16, 5], "texture": "#0"},
				"down": {"uv": [11, 5, 16, 4], "texture": "#0"}
			}
		},
		{
			"from": [4, 0, 10],
			"to": [16, 0.5, 12],
			"rotation": {"angle": 0, "axis": "y", "origin": [8, 0, 8]},
			"faces": {
				"north": {"uv": [10, 5, 16, 6], "rotation": 180, "texture": "#0"},
				"east": {"uv": [15, 5, 16, 6], "rotation": 90, "texture": "#0"},
				"south": {"uv": [10, 5, 16, 6], "texture": "#0"},
				"west": {"uv": [10, 5, 11, 6], "rotation": 270, "texture": "#0"},
				"up": {"uv": [10, 5, 16, 6], "texture": "#0"},
				"down": {"uv": [10, 6, 16, 5], "texture": "#0"}
			}
		},
		{
			"from": [2, 0, 12],
			"to": [16, 0.5, 14],
			"rotation": {"angle": 0, "axis": "y", "origin": [8, 0, 8]},
			"faces": {
				"north": {"uv": [9, 6, 16, 7], "rotation": 180, "texture": "#0"},
				"east": {"uv": [15, 6, 16, 7], "rotation": 90, "texture": "#0"},
				"south": {"uv": [9, 6, 16, 7], "texture": "#0"},
				"west": {"uv": [9, 6, 10, 7], "rotation": 270, "texture": "#0"},
				"up": {"uv": [9, 6, 16, 7], "texture": "#0"},
				"down": {"uv": [9, 7, 16, 6], "texture": "#0"}
			}
		},
		{
			"from": [0, 0, 14],
			"to": [16, 0.5, 16],
			"rotation": {"angle": 0, "axis": "y", "origin": [8, 0, 8]},
			"faces": {
				"north": {"uv": [8, 7, 16, 8], "rotation": 180, "texture": "#0"},
				"east": {"uv": [15, 7, 16, 8], "rotation": 90, "texture": "#0"},
				"south": {"uv": [8, 7, 16, 8], "texture": "#0"},
				"west": {"uv": [8, 7, 9, 8], "rotation": 270, "texture": "#0"},
				"up": {"uv": [8, 7, 16, 8], "texture": "#0"},
				"down": {"uv": [8, 8, 16, 7], "texture": "#0"}
			}
		}
	],
	"gui_light": "front",
	"display": {
		"thirdperson_righthand": {
			"rotation": [94.25, -180, 0],
			"translation": [-1.25, 2.75, 5.75],
			"scale": [0.55, 0.55, 0.55]
		},
		"thirdperson_lefthand": {
			"rotation": [94.25, -180, 0],
			"translation": [-1.25, 2.75, 5.75],
			"scale": [0.55, 0.55, 0.55]
		},
		"firstperson_righthand": {
			"rotation": [46, 165, -8],
			"translation": [3.88, 5.7, 1.13],
			"scale": [0.68, 0.68, 0.68]
		},
		"firstperson_lefthand": {
			"rotation": [46, 165, -8],
			"translation": [3.88, 5.7, 1.13],
			"scale": [0.68, 0.68, 0.68]
		},
		"ground": {
			"translation": [0, 2, 0],
			"scale": [0.5, 0.5, 0.5]
		},
		"gui": {
			"rotation": [90, -180, 0]
		},
		"head": {
			"translation": [0, -11.2, 0],
			"scale": [3.2, 4, 3.2]
		},
		"fixed": {
			"rotation": [90, -180, -180],
			"translation": [0, 0, -8]
		}
	},
	"groups": [
		{
			"name": "group",
			"origin": [8, 8, 8],
			"children": [0, 1, 2, 3, 4, 5, 6, 7]
		}
	]
}