{
	"credit": "Made with Blockbench",
	"elements": [
		{
			"from": [0, 0, 4],
			"to": [16, 0.5, 6],
			"rotation": {"angle": 0, "axis": "y", "origin": [8, 0, 8]},
			"faces": {
				"north": {"uv": [4, 12, 12, 13], "rotation": 180, "texture": "#0"},
				"east": {"uv": [11, 12, 12, 13], "rotation": 90, "texture": "#0"},
				"south": {"uv": [4, 12, 12, 13], "texture": "#0"},
				"west": {"uv": [4, 12, 5, 13], "rotation": 270, "texture": "#0"},
				"up": {"uv": [4, 12, 12, 13], "texture": "#0"},
				"down": {"uv": [4, 13, 12, 12], "texture": "#0"}
			}
		},
		{
			"from": [2, 0, 6],
			"to": [16, 0.5, 8],
			"rotation": {"angle": 0, "axis": "y", "origin": [8, 0, 8]},
			"faces": {
				"north": {"uv": [5, 13, 12, 14], "rotation": 180, "texture": "#0"},
				"east": {"uv": [11, 13, 12, 14], "rotation": 90, "texture": "#0"},
				"south": {"uv": [5, 13, 12, 14], "texture": "#0"},
				"west": {"uv": [5, 13, 6, 14], "rotation": 270, "texture": "#0"},
				"up": {"uv": [5, 13, 12, 14], "texture": "#0"},
				"down": {"uv": [5, 14, 12, 13], "texture": "#0"}
			}
		},
		{
			"from": [4, 0, 8],
			"to": [16, 0.5, 10],
			"rotation": {"angle": 0, "axis": "y", "origin": [8, 0, 8]},
			"faces": {
				"north": {"uv": [6, 14, 12, 15], "rotation": 180, "texture": "#0"},
				"east": {"uv": [11, 14, 12, 15], "rotation": 90, "texture": "#0"},
				"south": {"uv": [6, 14, 12, 15], "texture": "#0"},
				"west": {"uv": [6, 14, 7, 15], "rotation": 270, "texture": "#0"},
				"up": {"uv": [6, 14, 12, 15], "texture": "#0"},
				"down": {"uv": [6, 15, 12, 14], "texture": "#0"}
			}
		},
		{
			"from": [6, 0, 10],
			"to": [16, 0.5, 12],
			"rotation": {"angle": 0, "axis": "y", "origin": [8, 0, 8]},
			"faces": {
				"north": {"uv": [7, 15, 12, 16], "rotation": 180, "texture": "#0"},
				"east": {"uv": [11, 15, 12, 16], "rotation": 90, "texture": "#0"},
				"south": {"uv": [7, 15, 12, 16], "texture": "#0"},
				"west": {"uv": [7, 15, 8, 16], "rotation": 270, "texture": "#0"},
				"up": {"uv": [7, 15, 12, 16], "texture": "#0"},
				"down": {"uv": [7, 16, 12, 15], "texture": "#0"}
			}
		}
	],
	"gui_light": "front",
	"display": {
		"thirdperson_righthand": {
			"rotation": [94.25, -180, 0],
			"translation": [-1.25, 2.75, 5.75],
			"scale": [0.55, 0.55, 0.55]
		},
		"thirdperson_lefthand": {
			"rotation": [94.25, -180, 0],
			"translation": [-1.25, 2.75, 5.75],
			"scale": [0.55, 0.55, 0.55]
		},
		"firstperson_righthand": {
			"rotation": [46, 165, -8],
			"translation": [3.88, 5.7, 1.13],
			"scale": [0.68, 0.68, 0.68]
		},
		"firstperson_lefthand": {
			"rotation": [46, 165, -8],
			"translation": [3.88, 5.7, 1.13],
			"scale": [0.68, 0.68, 0.68]
		},
		"ground": {
			"translation": [0, 2, 0],
			"scale": [0.5, 0.5, 0.5]
		},
		"gui": {
			"rotation": [90, -180, 0]
		},
		"head": {
			"translation": [0, -11.2, 0],
			"scale": [3.2, 4, 3.2]
		},
		"fixed": {
			"rotation": [90, -180, -180],
			"translation": [0, 0, -8]
		}
	},
	"groups": [
		{
			"name": "group",
			"origin": [8, 8, 8],
			"color": 0,
			"children": [0, 1, 2, 3]
		}
	]
}